0.3121943473815918,0.27197265625,0.2392578125,0.96435546875,1.0379488433716044,-24.71923828125,9.735107421875,3.11279296875,21.973355600035838,312
0.3757030963897705,0.237548828125,0.180908203125,1.03369140625,1.0764912098615622,-9.307861328125,-24.322509765625,0.518798828125,25.599100643524295,314
0.43909692764282227,0.26025390625,0.191162109375,0.9873046875,1.037995012379756,11.627197265625,-11.29150390625,0.9765625,15.465337877890011,336
0.5024545192718506,0.26513671875,0.204345703125,0.968505859375,1.035617826226297,5.37109375,6.40869140625,-0.9765625,6.890420417603158,311
0.5659260749816895,0.25390625,0.197509765625,1.013427734375,1.0658543874009745,-1.617431640625,0.518798828125,-0.67138671875,7.837078057115177,310
0.6295483112335205,0.25732421875,0.202880859375,0.997802734375,1.0535841645493944,2.38037109375,3.326416015625,-0.640869140625,4.545070519534975,322
0.692772388458252,0.259765625,0.21826171875,1.0029296875,1.0474801093969348,1.312255859375,-8.97216796875,0.18310546875,9.21155794495243,332
0.7560172080993652,0.26025390625,0.21533203125,0.9892578125,1.045783826459204,-2.471923828125,-0.6103515625,-0.885009765625,3.8294392879239285,333
0.8191244602203369,0.264892578125,0.199951171875,0.98486328125,1.043499729280752,-11.138916015625,2.349853515625,-2.25830078125,11.861959248709958,323
0.8822774887084961,0.254150390625,0.203857421875,1.002197265625,1.0286125789369398,-0.06103515625,0.9765625,-0.762939453125,1.0204012144348442,335
0.9454123973846436,0.25,0.201904296875,0.96923828125,1.059097620566599,5.828857421875,-2.44140625,0.091552734375,7.059395935041061,323
1.0086641311645508,0.2626953125,0.2099609375,0.989013671875,1.038387279966442,-2.044677734375,0.06103515625,-0.762939453125,2.6049215494230102,314
1.0718371868133545,0.2568359375,0.204833984375,0.999755859375,1.0503395314981556,-5.706787109375,0.18310546875,-0.946044921875,5.528569035139689,322
1.1349194049835205,0.256591796875,0.20556640625,0.999755859375,1.057887584326104,-0.152587890625,0.732421875,-0.79345703125,1.0943860520654973,314
1.1981186866760254,0.26171875,0.204833984375,0.9873046875,1.0453405094243038,-0.335693359375,-0.54931640625,-0.396728515625,1.1748276705883884,320
1.2612779140472412,0.256591796875,0.20361328125,0.99560546875,1.0523011797229072,-4.119873046875,0.9765625,-1.251220703125,4.547528754096746,321
1.3243951797485352,0.25537109375,0.2021484375,0.999755859375,1.0470868366049773,0.457763671875,-0.518798828125,-0.54931640625,1.0545137050275266,307
1.3875141143798828,0.2587890625,0.205078125,0.99169921875,1.056376849124921,2.50244140625,-1.556396484375,-0.244140625,3.0273991241312936,304
1.4506773948669434,0.2578125,0.20703125,0.98681640625,1.040763294779238,-1.8310546875,0.946044921875,-0.9765625,2.8624772508208656,318
1.5137872695922852,0.22412109375,0.2001953125,0.99560546875,1.060912067630987,-2.5634765625,1.251220703125,-1.434326171875,2.7026584972410403,317
1.5769462585449219,0.260009765625,0.205322265625,0.99658203125,1.0519535941524147,-2.01416015625,1.983642578125,-1.007080078125,2.830412829755113,373
1.640035629272461,0.26220703125,0.201416015625,0.99462890625,1.0408548656819196,-0.6103515625,-2.716064453125,-0.54931640625,2.49349343454779,338
1.7031593322753906,0.259521484375,0.208740234375,0.987548828125,1.035987894204745,-5.889892578125,6.988525390625,-1.617431640625,9.875537320499765,337
1.7663230895996094,0.263427734375,0.203125,0.96337890625,1.015544301274872,3.692626953125,-0.579833984375,-1.495361328125,4.298972571518636,316
1.8294880390167236,0.251220703125,0.205078125,1.020751953125,1.0694292141021149,-7.720947265625,4.241943359375,-0.48828125,3.7271446876884826,315
1.8926277160644531,0.265869140625,0.2109375,1.0078125,1.0507559507366222,6.77490234375,-15.380859375,0.885009765625,16.251319547410052,329
1.955777645111084,0.272216796875,0.213134765625,1.004150390625,1.0620040016332404,-1.5869140625,-3.814697265625,1.64794921875,5.263729342852887,367
2.018909454345703,0.2763671875,0.21435546875,0.987548828125,1.0581575459197212,-0.640869140625,-7.14111328125,1.190185546875,7.621455830664336,289
2.0821549892425537,0.2861328125,0.2158203125,0.974853515625,1.0502924579954303,-7.293701171875,9.552001953125,-0.67138671875,12.658469217496913,323
2.1452865600585938,0.279541015625,0.20263671875,0.994140625,1.0467967103749742,-2.166748046875,4.974365234375,-0.91552734375,2.8533527554945803,338
2.2084426879882812,0.274658203125,0.199462890625,0.99755859375,1.053773526373678,-2.5634765625,5.55419921875,-1.28173828125,6.213681676416478,303
2.271613836288452,0.265869140625,0.20703125,0.994140625,1.066930285799625,-3.72314453125,2.410888671875,-1.434326171875,4.6811418327292325,337
2.3347179889678955,0.2666015625,0.201171875,1.006591796875,1.0561263548130877,0.3662109375,-2.9296875,-0.30517578125,3.560369582373616,324
2.3978238105773926,0.27099609375,0.20263671875,1.003662109375,1.0284002115449722,0.213623046875,-4.730224609375,-0.091552734375,5.255495561350161,354
2.460970640182495,0.273681640625,0.201904296875,0.9921875,1.052901953556793,2.288818359375,-6.103515625,0.06103515625,10.133076787132875,302
2.524099111557007,0.30322265625,0.234619140625,0.9873046875,0.8901968478988416,45.83740234375,-55.72509765625,13.458251953125,46.074276787049016,317
2.5871880054473877,0.2900390625,0.20654296875,0.975830078125,1.043973945531895,-3.204345703125,3.021240234375,-1.8310546875,5.48544447271609,313
2.6503074169158936,0.29052734375,0.207275390625,0.983154296875,1.0490845379234761,-3.021240234375,2.8076171875,-1.861572265625,4.693063771895866,329
2.713367462158203,0.28466796875,0.201171875,0.994873046875,1.055939051888605,-4.852294921875,3.936767578125,-1.03759765625,5.877149959575548,343
2.7764217853546143,0.281005859375,0.196533203125,0.9990234375,1.0550791260574377,-2.8076171875,1.46484375,-0.335693359375,2.721887411533793,338
2.8394904136657715,0.273681640625,0.190185546875,1.0,1.0577444913969087,-0.67138671875,-3.509521484375,0.244140625,3.821161515144508,321
2.902575731277466,0.3037109375,0.227783203125,1.104248046875,1.1899618179142217,0.885009765625,-11.8408203125,10.8642578125,25.856962437181842,315
2.96566104888916,0.220458984375,0.10791015625,0.940185546875,0.9788215448336608,-31.79931640625,29.35791015625,-3.387451171875,40.349420396460225,315
3.0287182331085205,0.289794921875,0.17138671875,1.01220703125,1.0755834338032786,-2.777099609375,9.46044921875,-15.777587890625,18.199993813822815,333
3.0917959213256836,0.298095703125,0.17822265625,0.959716796875,1.0205841473954893,21.54541015625,-16.693115234375,-26.4892578125,38.68504791161394,335
3.1548871994018555,0.27392578125,0.26806640625,0.9697265625,1.0330412941661993,-1.28173828125,1.129150390625,-0.823974609375,5.329403771347058,338
3.2179462909698486,0.267333984375,0.2109375,0.9716796875,1.0318202262865037,-21.30126953125,47.42431640625,-10.3759765625,53.5718764913657,326
3.281017303466797,0.2314453125,0.24462890625,1.240234375,1.2226976869039137,17.333984375,-44.86083984375,40.435791015625,73.52121608565498,315
3.344066858291626,0.26318359375,0.125732421875,0.915771484375,0.9811009652251695,11.16943359375,6.683349609375,14.404296875,17.53850286053942,319
3.407142162322998,0.364501953125,0.188232421875,1.116943359375,1.1976141865629013,-33.26416015625,-7.99560546875,20.93505859375,45.356031176331086,332
3.4702186584472656,0.2958984375,0.190185546875,0.98974609375,1.0500304649111454,5.218505859375,-22.857666015625,1.3427734375,23.146290450699674,333
3.5333564281463623,0.313720703125,0.197509765625,0.978759765625,1.0477935689643234,-7.568359375,4.730224609375,-0.640869140625,4.963869595043943,329
3.5964221954345703,0.30859375,0.195068359375,0.990234375,1.0540342780552683,-2.3193359375,-10.772705078125,-1.068115234375,11.503062581600517,334
3.6594789028167725,0.31640625,0.196044921875,0.950439453125,1.0196998719830614,2.288818359375,6.4697265625,-8.880615234375,11.43529935678051,315
3.7225639820098877,0.30224609375,0.19970703125,1.000732421875,1.0891854543799682,1.220703125,3.60107421875,-5.889892578125,7.0313718573289306,300
3.78564715385437,0.298583984375,0.198486328125,0.98291015625,1.0572208919545731,-4.638671875,4.119873046875,-2.44140625,6.781840852407656,310
3.848731279373169,0.302978515625,0.200439453125,0.974609375,1.0315803807791042,-1.52587890625,7.598876953125,-6.4697265625,10.802619184460253,323
3.9118080139160156,0.28076171875,0.195556640625,1.0107421875,1.0717180865683797,-3.5400390625,12.786865234375,-1.40380859375,12.202605398840904,337
3.9748456478118896,0.289794921875,0.196533203125,0.979248046875,1.0460464273109031,-2.197265625,0.946044921875,-0.244140625,2.6099220890167603,323
4.037909030914307,0.279296875,0.1923828125,1.0029296875,1.0578336907973125,-0.274658203125,3.021240234375,0.030517578125,2.564021461339718,313
4.10099983215332,0.289794921875,0.19580078125,0.995849609375,1.033810528940054,0.42724609375,-8.880615234375,3.2958984375,9.586503482391596,315
4.164078950881958,0.306884765625,0.20458984375,0.98779296875,1.051237978463944,1.739501953125,-14.251708984375,6.988525390625,15.207524969443234,326
4.227131366729736,0.303466796875,0.1904296875,0.978515625,1.046489188997332,-3.021240234375,-2.74658203125,5.157470703125,6.628991202336652,339
4.2902233600616455,0.31396484375,0.18408203125,0.981689453125,1.0636199770400971,-3.84521484375,1.739501953125,-3.47900390625,5.749061388655432,333
4.3532891273498535,0.3017578125,0.177001953125,0.986328125,1.0357071472260213,-2.01416015625,10.284423828125,-8.6669921875,13.566977126711194,339
4.4168243408203125,0.307861328125,0.19384765625,0.99365234375,1.0580618109539988,-2.227783203125,7.6904296875,-1.861572265625,2.905587572056522,336
4.479930400848389,0.27783203125,0.178466796875,1.027587890625,1.0394547374645458,-1.068115234375,1.0986328125,-4.547119140625,5.167302798774789,321
4.543013095855713,0.287841796875,0.1982421875,0.99267578125,1.0589432649642938,-1.373291015625,1.556396484375,-0.54931640625,1.4984721310047506,291
4.6065239906311035,0.284912109375,0.19677734375,0.9931640625,1.05209535019058,7.75146484375,-3.753662109375,0.396728515625,4.124843283768509,317
4.669586420059204,0.294189453125,0.1962890625,0.9912109375,1.0567134472472661,-1.129150390625,-4.8828125,1.0986328125,5.559059782993057,335
4.732653617858887,0.30029296875,0.193115234375,0.984619140625,1.0452637585507918,-1.708984375,-6.89697265625,4.33349609375,6.29498564154947,321
4.795754909515381,0.297119140625,0.18994140625,0.98681640625,1.0423720864052703,-1.89208984375,0.54931640625,2.288818359375,2.9268250787010097,311
4.860321521759033,0.302734375,0.188720703125,0.976806640625,1.0399573925350352,-2.38037109375,4.730224609375,-1.800537109375,6.273867809696709,360
4.925178527832031,0.295654296875,0.19189453125,0.99560546875,1.05297817599041,-1.15966796875,3.814697265625,-2.044677734375,3.936294408943228,356
4.9899375438690186,0.293212890625,0.180908203125,0.98876953125,1.0394182671712737,-2.166748046875,5.55419921875,-5.55419921875,8.802879916304715,347
5.05527400970459,0.287841796875,0.195556640625,1.0029296875,1.0698855585771048,-2.25830078125,-2.13623046875,-1.007080078125,4.653305261833773,336
5.120767831802368,0.293701171875,0.19189453125,0.982177734375,1.0409133889558957,-3.2958984375,-5.096435546875,0.091552734375,3.2779061218007413,346
5.185659646987915,0.29736328125,0.19091796875,0.994384765625,1.034866407590735,10.1318359375,1.28173828125,-0.030517578125,15.148066297274866,352
5.250921964645386,0.30029296875,0.214111328125,1.03955078125,1.0887699100850594,-8.85009765625,-3.692626953125,0.518798828125,9.696381174188462,338
5.31648325920105,0.29736328125,0.192626953125,0.939453125,1.0530697318496718,-6.9580078125,36.834716796875,-4.547119140625,37.726170257975,355
5.385264158248901,0.245361328125,0.17138671875,1.033203125,1.0715721403162777,-3.72314453125,-18.890380859375,-4.608154296875,20.563096507385964,322
5.45001745223999,0.279052734375,0.1923828125,0.98681640625,1.050497959904821,-0.396728515625,3.021240234375,-0.732421875,5.06527448496938,325
5.514868259429932,0.277587890625,0.19482421875,0.995361328125,1.0645442258715063,5.706787109375,7.476806640625,-2.593994140625,4.944977807746361,327
5.583360433578491,0.287353515625,0.189697265625,1.0029296875,1.0399234617936337,-1.15966796875,-10.6201171875,-7.2021484375,11.492248936948574,341
5.648029327392578,0.288818359375,0.198974609375,0.984375,1.0497912029021315,0.67138671875,7.781982421875,0.396728515625,7.036866487985287,332
5.712218999862671,0.290771484375,0.20068359375,0.98828125,1.0476786247668972,-1.983642578125,-8.11767578125,3.11279296875,8.285171192233053,344
5.776439428329468,0.2900390625,0.2021484375,0.99560546875,1.0556556214340054,-2.838134765625,-2.593994140625,3.021240234375,4.845572559422759,339
5.840734481811523,0.3037109375,0.192626953125,0.96826171875,1.0085367660912972,-1.373291015625,-7.537841796875,-0.30517578125,2.4337648971407333,349
5.904977321624756,0.2978515625,0.194580078125,0.9873046875,1.0490107031095262,-0.48828125,-0.579833984375,-1.8310546875,2.0305085663012417,348
5.969198942184448,0.298828125,0.196044921875,0.989501953125,1.0518404362349596,-0.762939453125,1.77001953125,-1.739501953125,2.5709135170297057,343
6.033387899398804,0.302490234375,0.20361328125,0.977294921875,1.0376360574235832,-1.434326171875,4.45556640625,-3.41796875,6.808498353448492,327
6.0976104736328125,0.284912109375,0.19775390625,0.984130859375,1.0461310689820529,-4.547119140625,10.7421875,-2.532958984375,12.203139638464593,322
6.1617608070373535,0.276611328125,0.193115234375,1.0263671875,1.0535197256854982,-2.5634765625,-1.28173828125,0.18310546875,2.4622976994560926,322
6.226147890090942,0.250732421875,0.196044921875,0.98779296875,1.04366967583142,0.335693359375,-5.92041015625,1.15966796875,5.565673378333068,327
6.290294408798218,0.293212890625,0.2001953125,0.9873046875,1.0490318398857372,0.457763671875,-11.90185546875,2.197265625,12.598401424635917,325
6.354519367218018,0.3017578125,0.1904296875,0.972412109375,1.032578912541165,4.730224609375,-11.962890625,-3.173828125,11.822282890384104,333
6.418678045272827,0.3095703125,0.211669921875,0.9853515625,1.0464626468055909,1.739501953125,-4.39453125,-3.387451171875,5.99311158019109,348
6.48285984992981,0.308349609375,0.20654296875,0.978271484375,1.0540550596289553,-8.087158203125,9.490966796875,-1.8310546875,12.482174441887995,342
6.547164440155029,0.298095703125,0.199462890625,0.98828125,1.052740178419547,-4.486083984375,10.92529296875,-0.823974609375,11.22951503518787,352
6.611403703689575,0.2880859375,0.19873046875,0.993896484375,1.0531812862217236,-2.227783203125,8.11767578125,-1.28173828125,7.769526067840397,351
6.6756792068481445,0.293212890625,0.1943359375,1.00390625,1.066156183343818,-2.25830078125,2.38037109375,-0.79345703125,3.2717918137666264,346
6.739850044250488,0.283203125,0.202880859375,1.000244140625,1.0525253173247755,-0.579833984375,-2.197265625,0.030517578125,2.5347967260260114,348
6.804708003997803,0.293212890625,0.20166015625,0.990478515625,1.0629658799621244,1.251220703125,-5.92041015625,0.06103515625,6.4657667025585,345
6.86927342414856,0.298583984375,0.202392578125,0.983642578125,1.0506023552500556,1.03759765625,-6.9580078125,-0.213623046875,6.763069886117944,323
6.933785676956177,0.30126953125,0.2060546875,0.97412109375,1.0481500973594113,-3.143310546875,0.885009765625,-1.434326171875,3.280036338511817,346
6.99813985824585,0.301025390625,0.203857421875,0.9833984375,1.0506809853291728,-4.547119140625,4.7607421875,-1.64794921875,6.52648215140542,345
7.062283039093018,0.2958984375,0.20068359375,0.98876953125,1.0464894453027687,-4.302978515625,7.01904296875,-1.739501953125,8.011547241160695,344
7.126640558242798,0.28955078125,0.20361328125,0.968994140625,1.0879164030078894,-2.197265625,4.852294921875,-1.220703125,4.974739669093963,344
7.190838098526001,0.285888671875,0.20166015625,0.983642578125,1.0480052767704475,-1.373291015625,2.105712890625,-0.579833984375,2.584642495146442,346
7.255058288574219,0.28955078125,0.20166015625,0.997802734375,1.0564554443550567,-0.48828125,-3.509521484375,0.457763671875,4.067662333652904,352
7.319292306900024,0.29833984375,0.212646484375,0.990966796875,1.0617094745469415,-0.885009765625,-4.2724609375,2.716064453125,5.721048904028559,345
7.383648157119751,0.28955078125,0.1923828125,0.98388671875,1.0371312140915054,-3.23486328125,-5.9814453125,6.9580078125,8.179280275484407,344
7.448014259338379,0.3115234375,0.191650390625,0.928466796875,0.9948518079117111,-1.708984375,10.7421875,-4.425048828125,16.33605700485178,322
7.512287139892578,0.305908203125,0.255859375,1.050048828125,1.171805545020213,2.3193359375,24.96337890625,-7.965087890625,17.43734464097631,337
7.576505899429321,0.26953125,0.19677734375,1.005615234375,1.0625633052591539,1.861572265625,-4.82177734375,0.30517578125,6.568656145617648,343
7.6406121253967285,0.2744140625,0.2001953125,0.984375,1.045112464137018,-1.0986328125,-1.434326171875,-0.54931640625,1.445966521054948,397
7.705011367797852,0.26953125,0.198974609375,0.993408203125,1.0534014172118797,-3.875732421875,-8.880615234375,-1.129150390625,8.983889856923147,320
7.76940393447876,0.287109375,0.202880859375,0.9931640625,1.0555070306822987,-0.823974609375,-8.11767578125,-0.396728515625,11.544723570993224,336
7.833820581436157,0.287109375,0.205078125,0.989501953125,1.0529233518709522,-1.495361328125,2.0751953125,-0.762939453125,2.7448860866417064,349
7.8982579708099365,0.2861328125,0.197265625,0.989013671875,1.0439040315921657,-2.13623046875,0.579833984375,-0.152587890625,2.086161640711987,346
7.962724924087524,0.28662109375,0.20361328125,1.0009765625,1.0797899630959582,0.640869140625,-0.48828125,0.701904296875,1.743779861714069,327
8.027257680892944,0.289794921875,0.203857421875,0.990966796875,1.0487546131364485,-0.54931640625,-2.197265625,0.8544921875,2.1778948258620368,323
8.09184980392456,0.292236328125,0.198486328125,0.989013671875,1.0493675847839499,-2.01416015625,0.06103515625,-0.9765625,2.1451491419421354,326
8.15622615814209,0.28662109375,0.197998046875,0.98828125,1.0444890346855435,-1.40380859375,3.11279296875,-2.0751953125,4.533889264959263,333
8.220725536346436,0.285400390625,0.201904296875,0.99951171875,1.0539266031504215,-1.861572265625,6.988525390625,-2.5634765625,7.5330835065377,355
8.28527045249939,0.27734375,0.201416015625,0.9912109375,1.0502517103305211,-3.448486328125,4.241943359375,-1.64794921875,5.4338431064587365,324
8.349737167358398,0.275634765625,0.196533203125,0.99609375,1.0509989062792662,-0.48828125,-2.62451171875,-0.213623046875,2.848779548367911,343
8.414211988449097,0.283935546875,0.19873046875,1.002685546875,1.058164981282724,0.030517578125,-4.45556640625,0.762939453125,5.070511906586445,333
8.47856879234314,0.293701171875,0.208740234375,0.990478515625,1.0539869737073515,1.953125,-12.20703125,2.288818359375,12.319617825736781,322
8.542922258377075,0.304931640625,0.2060546875,0.97802734375,1.047783073469443,3.265380859375,-8.575439453125,1.220703125,8.547864134910121,328
8.607365608215332,0.3056640625,0.207763671875,0.980224609375,1.053682031668078,-3.570556640625,3.814697265625,-2.0751953125,5.520645909156965,351
8.672138452529907,0.305908203125,0.20263671875,0.9775390625,1.052022179944503,-8.209228515625,10.467529296875,-1.983642578125,13.339568172976254,357
8.737021207809448,0.2939453125,0.2001953125,1.001708984375,1.053663958049319,-3.35693359375,9.735107421875,-1.40380859375,9.965052409213682,348
8.801886081695557,0.2861328125,0.197998046875,0.988037109375,1.047739298442491,-2.25830078125,3.5400390625,-0.30517578125,4.152297535564661,352
8.866703271865845,0.287109375,0.198486328125,1.001953125,1.0519584669791315,-1.708984375,-1.5869140625,-0.18310546875,2.3508441372767037,349
8.931500434875488,0.285400390625,0.200927734375,1.0009765625,1.0323356347034272,0.091552734375,-2.593994140625,-0.457763671875,2.8477986199434095,358
8.996493339538574,0.292724609375,0.204833984375,0.992919921875,1.0472211692449491,0.8544921875,-6.805419921875,-0.30517578125,6.47670441530689,336
9.061288595199585,0.298583984375,0.20458984375,0.98828125,1.0587861565425298,1.556396484375,-7.4462890625,-1.251220703125,7.8021815823903715,318
9.12609577178955,0.3056640625,0.20654296875,0.979248046875,1.0496669093364226,-4.150390625,4.791259765625,-1.068115234375,6.735057336001045,334
9.190850019454956,0.302734375,0.203369140625,0.995361328125,1.055007942404839,-3.875732421875,3.021240234375,-1.0986328125,5.08399404143075,335
9.25589632987976,0.2919921875,0.203369140625,0.994873046875,1.0589204122320435,-2.471923828125,7.965087890625,-1.617431640625,7.918414761553419,331
9.320720434188843,0.287841796875,0.19873046875,0.9912109375,1.0547857168171597,-1.220703125,1.220703125,-0.946044921875,1.8708047026359989,326
9.385506391525269,0.288818359375,0.20068359375,0.99560546875,1.058189652794758,-0.8544921875,-1.495361328125,-0.335693359375,1.8970056479394597,336
9.450344562530518,0.290771484375,0.20361328125,0.99658203125,1.0570898317511443,-0.701904296875,-2.9296875,0.8544921875,3.3394096047723374,322
9.51512885093689,0.300048828125,0.1982421875,0.993408203125,1.0495095197328548,-2.593994140625,-7.87353515625,6.04248046875,10.072973768288714,342
9.580101013183594,0.313232421875,0.19970703125,0.994140625,1.0663953508092578,-0.457763671875,2.410888671875,-0.42724609375,0.8148821974376641,357
9.644928932189941,0.281494140625,0.17822265625,0.97216796875,1.028002306681394,-5.645751953125,21.484375,-9.307861328125,25.27041589636416,353
9.709669351577759,0.271240234375,0.196044921875,1.01171875,1.0595468263616101,-5.18798828125,0.518798828125,-2.9296875,5.242454499268713,348
9.77494215965271,0.2685546875,0.196533203125,1.00048828125,1.0503254011565495,1.312255859375,-5.340576171875,0.213623046875,5.841067642003766,335
9.84052562713623,0.27392578125,0.19873046875,0.999267578125,1.0627800348040428,0.9765625,0.91552734375,-0.640869140625,1.089695499960762,353
9.90542984008789,0.275390625,0.203369140625,1.005859375,1.0575186700277568,-1.861572265625,-3.509521484375,-0.396728515625,4.60188483386768,330
9.970608472824097,0.31103515625,0.201904296875,0.995361328125,1.0487666334031236,0.762939453125,-5.0048828125,0.48828125,5.718199390732614,354
10.036004304885864,0.28759765625,0.201904296875,0.977783203125,1.0420769010820938,-0.79345703125,-1.068115234375,-0.8544921875,1.1443074499055588,356
10.10094928741455,0.282470703125,0.20166015625,1.000732421875,1.0581889768705854,-3.265380859375,0.79345703125,-0.701904296875,2.887904717209626,330
10.165767908096313,0.286865234375,0.201171875,0.990234375,1.0513251502973018,-0.9765625,-0.42724609375,-0.18310546875,1.678466796875,333
10.23049521446228,0.28759765625,0.2021484375,0.9921875,1.0500600956567494,7.75146484375,-5.218505859375,0.396728515625,5.200986846715398,332
10.295311450958252,0.292236328125,0.200439453125,0.9873046875,1.0492087016473066,-1.434326171875,1.220703125,-0.946044921875,1.862572573201554,334
10.360517501831055,0.288818359375,0.199951171875,0.985595703125,1.0471725610335108,-3.143310546875,6.195068359375,-2.38037109375,7.337113790892063,355
10.429190635681152,0.279052734375,0.19970703125,0.997802734375,1.0565525659896917,-2.105712890625,6.195068359375,-2.13623046875,6.503109009597968,343
10.494035720825195,0.278076171875,0.199951171875,1.00146484375,1.061648476403393,-2.3193359375,0.701904296875,-0.79345703125,2.417446825829294,359
10.558932065963745,0.280517578125,0.1982421875,1.000244140625,1.0557106141899106,0.54931640625,-6.2255859375,0.335693359375,6.139496604967891,351
10.623961210250854,0.2890625,0.202880859375,1.0283203125,1.0611480638772608,0.91552734375,-7.99560546875,1.373291015625,8.280223746858674,314
10.688607215881348,0.305419921875,0.203857421875,0.983642578125,1.051850806245324,2.105712890625,-13.18359375,1.40380859375,12.993107522857947,338
10.753039121627808,0.307373046875,0.2041015625,0.975830078125,1.0443113736141951,0.335693359375,-0.152587890625,-1.251220703125,1.499093516945207,329
10.817304134368896,0.307373046875,0.208984375,0.93896484375,1.0463184186652839,-5.06591796875,7.598876953125,-2.01416015625,9.914503137342047,319
10.881400108337402,0.300048828125,0.199462890625,0.989013671875,1.0544987544960853,-4.33349609375,11.444091796875,-2.471923828125,12.411803295044203,347
10.945657968521118,0.281982421875,0.198486328125,0.995361328125,1.0842465470276414,-3.326416015625,3.47900390625,-0.9765625,4.775196531755041,348
11.009824991226196,0.28466796875,0.1962890625,0.9970703125,1.0494532932976257,-0.67138671875,1.129150390625,0.152587890625,1.1422709516731506,353
11.074190855026245,0.28564453125,0.2001953125,0.998291015625,1.050892565195085,-1.983642578125,-2.74658203125,-0.6103515625,3.6017207195754364,340
11.1384596824646,0.291259765625,0.204833984375,0.989501953125,1.0510382355759076,0.335693359375,-3.90625,0.1220703125,3.6106306096674396,357
11.203356981277466,0.301025390625,0.2021484375,0.98486328125,1.050148131502768,1.739501953125,-8.48388671875,-0.091552734375,8.48674040079362,325
11.267664670944214,0.3017578125,0.204345703125,0.984130859375,1.0493030289853003,-1.0986328125,-3.173828125,0.1220703125,3.5496285878909655,318
11.331866979598999,0.306884765625,0.20703125,0.9794921875,1.0380238669670605,-4.669189453125,5.79833984375,-1.46484375,8.21875264345424,341
11.396116971969604,0.295166015625,0.201171875,0.99609375,1.0568433697533808,-1.15966796875,3.448486328125,-0.9765625,3.6070176555401328,334
11.46030569076538,0.293701171875,0.19970703125,0.991455078125,1.0508015003167497,-3.265380859375,8.819580078125,-1.861572265625,9.432005422761076,347
11.5245840549469,0.28759765625,0.197509765625,0.99951171875,1.050145605754445,-0.18310546875,-3.11279296875,-0.518798828125,3.1686887945851474,345
11.588732242584229,0.28466796875,0.200927734375,0.99560546875,1.0575750594409226,-1.373291015625,0.335693359375,-0.30517578125,0.7104764847914317,343
11.653005123138428,0.294189453125,0.201416015625,0.986083984375,1.044104083185658,7.6904296875,-5.37109375,0.640869140625,5.440180950679001,350
11.717524528503418,0.31982421875,0.191162109375,0.999267578125,1.0959501481012996,0.885009765625,-4.57763671875,3.204345703125,5.477373952786411,339
11.78180480003357,0.2998046875,0.19580078125,0.9375,1.0162886578666508,-3.0517578125,14.892578125,-3.875732421875,17.431174734178104,321
11.845929861068726,0.2685546875,0.18701171875,1.0009765625,1.0520867388578887,-2.471923828125,10.162353515625,-6.927490234375,12.292638056028112,344
11.910145282745361,0.278076171875,0.1962890625,0.977294921875,1.0335608802234169,-4.08935546875,8.36181640625,-1.89208984375,10.21039906186123,347
11.974257230758667,0.271484375,0.197021484375,1.006591796875,1.0493341571341321,0.67138671875,-6.40869140625,-0.152587890625,9.957619656775988,324
12.03847885131836,0.274658203125,0.200927734375,1.02880859375,1.0492975189795501,-0.79345703125,-1.007080078125,-0.54931640625,1.5783814136945495,332
12.102633953094482,0.27001953125,0.198974609375,0.988525390625,1.050360215932518,-0.18310546875,-3.143310546875,-0.091552734375,8.554072249074643,322
12.166896343231201,0.2841796875,0.206787109375,0.9921875,1.0469569273817636,-0.518798828125,-4.08935546875,0.06103515625,8.586292932874809,345
12.231106996536255,0.2802734375,0.20068359375,0.99609375,1.057242597496762,-1.5869140625,2.50244140625,-1.495361328125,3.257385161842877,337
12.29545783996582,0.273193359375,0.203857421875,1.02587890625,1.0710064942192414,-4.8828125,4.791259765625,-1.0986328125,6.175267940762197,317
12.359847068786621,0.250732421875,0.195068359375,0.9873046875,1.031552501584943,0.8544921875,-14.434814453125,-0.335693359375,12.471985717392874,330
12.424102306365967,0.269287109375,0.201171875,1.01708984375,1.0713629753604972,-2.532958984375,15.472412109375,-2.01416015625,13.906140755642184,373
12.48829436302185,0.27880859375,0.194091796875,1.016845703125,1.070925154379666,5.218505859375,-43.670654296875,2.960205078125,45.41415535329832,271
12.55262017250061,0.28125,0.2451171875,0.944091796875,1.0222932665319824,-1.861572265625,5.7373046875,4.119873046875,9.323507197908924,324
12.616721391677856,0.354736328125,0.228759765625,1.044677734375,1.1055238258472038,0.579833984375,-35.430908203125,21.17919921875,43.14289782407944,335
12.68105673789978,0.311767578125,0.202880859375,0.979736328125,1.0520034545689418,-17.7001953125,33.3251953125,-1.800537109375,37.257276235613816,330
12.745442390441895,0.260009765625,0.1572265625,0.986328125,1.0312500866976615,-0.946044921875,2.685546875,-18.035888671875,21.060467883767355,321
12.809916019439697,0.2861328125,0.201416015625,0.9765625,1.0360172074207106,-6.40869140625,10.467529296875,-1.800537109375,13.32993000772649,269
12.874407768249512,0.281494140625,0.206298828125,0.977783203125,1.0347991327352175,0.152587890625,0.6103515625,-0.518798828125,1.6634179778944878,289
12.938827276229858,0.29150390625,0.2109375,1.012451171875,1.070789230987139,3.265380859375,-9.8876953125,4.2724609375,12.493957608832373,325
13.003275156021118,0.34228515625,0.23974609375,0.992919921875,1.054875138157215,-13.0615234375,-25.970458984375,44.281005859375,52.562982580802306,352
13.067822694778442,0.336669921875,0.16455078125,0.9716796875,1.041404093391721,-1.40380859375,-12.6953125,12.63427734375,17.1068923925745,316
13.132275104522705,0.33740234375,0.1943359375,1.02880859375,1.0735650587849244,-3.5400390625,2.593994140625,-2.105712890625,3.6544720165826914,349
13.196732521057129,0.33203125,0.186767578125,0.969970703125,1.040083018345634,-2.25830078125,5.828857421875,-3.570556640625,7.928758106356847,331
13.261276006698608,0.31982421875,0.185302734375,0.99267578125,1.0636804978899874,-4.94384765625,8.60595703125,-1.03759765625,9.71605115933159,331
13.325781345367432,0.315185546875,0.173583984375,0.98388671875,1.0582565671508386,-0.457763671875,1.3427734375,-1.03759765625,1.926962144151232,343
13.390214204788208,0.31640625,0.16845703125,0.988525390625,1.039689097378888,-2.44140625,-0.701904296875,-2.044677734375,3.3150575229492847,332
13.454698085784912,0.314453125,0.178466796875,0.977294921875,1.035747575107455,-2.044677734375,-4.94384765625,0.1220703125,4.404374859916649,338
13.519151210784912,0.322265625,0.177734375,0.98095703125,1.0536488823210945,0.335693359375,-6.683349609375,1.220703125,6.4607233706212135,350
13.583762645721436,0.339599609375,0.21728515625,0.971923828125,1.0420134094422482,-2.38037109375,-1.0986328125,0.946044921875,2.275146340285132,348
13.648340463638306,0.359375,0.178466796875,1.026611328125,1.0859544327328272,-2.044677734375,-38.177490234375,3.387451171875,35.550660151912595,342
13.713045835494995,0.294921875,0.199951171875,1.010009765625,1.0785949622584956,-19.073486328125,51.116943359375,-4.425048828125,51.855301362825344,352
13.778517723083496,0.29248046875,0.17333984375,0.987548828125,1.0436129919803518,9.124755859375,-24.23095703125,0.762939453125,25.010007107130047,351
13.843035221099854,0.3076171875,0.1533203125,1.059326171875,1.06530844945297,27.2216796875,-59.99755859375,9.124755859375,69.33564871069714,319
13.907939195632935,0.3603515625,0.2978515625,1.134033203125,1.2414189726343834,-14.984130859375,-0.67138671875,21.148681640625,25.748789466023204,343
13.972680568695068,0.322509765625,0.21337890625,0.720947265625,0.7642495782468541,77.484130859375,-124.725341796875,-64.361572265625,141.2266800311178,337
14.037502527236938,0.315673828125,0.266357421875,1.137451171875,1.1915794871970466,-109.954833984375,112.1826171875,50.811767578125,156.096979552683,324
14.102471590042114,0.354248046875,0.218017578125,1.084716796875,1.1908166896270056,19.22607421875,-21.453857421875,-15.594482421875,39.51720001246448,354
14.168091773986816,0.283935546875,0.25341796875,0.635009765625,0.7631987840503827,71.1669921875,-84.3505859375,-10.80322265625,103.59301013739866,328
14.232834815979004,0.328125,0.179931640625,0.882080078125,0.9311944945006319,-64.453125,115.692138671875,-35.125732421875,143.0780907243765,324
14.297685861587524,0.29833984375,0.1923828125,1.135986328125,1.1533825863168763,22.308349609375,-83.953857421875,10.894775390625,95.21025622149078,339
14.362579822540283,0.362548828125,0.212158203125,0.7841796875,0.9072669341566435,38.0859375,35.003662109375,-138.885498046875,147.8631364028919,311
14.427415132522583,0.25927734375,0.424560546875,0.955322265625,1.0653341584425235,-11.993408203125,10.8642578125,19.775390625,25.633621190274326,334
14.492308139801025,0.360595703125,0.18310546875,1.013916015625,1.0795248590904927,-34.637451171875,23.651123046875,32.928466796875,53.04711817937065,339
14.557074546813965,0.251708984375,0.251220703125,1.04833984375,1.1062762004098807,0.457763671875,18.12744140625,-9.429931640625,17.133547894532718,335
14.621986150741577,0.340576171875,0.28515625,1.02587890625,1.1282961823833388,6.011962890625,-2.0751953125,-7.62939453125,6.833621041319845,355
14.686771154403687,0.2822265625,0.272705078125,0.992431640625,1.0782687879128847,0.0,-13.7939453125,6.378173828125,16.84653238660328,336
14.751539945602417,0.323974609375,0.24560546875,0.978515625,1.0577068484580618,8.331298828125,-33.26416015625,13.0615234375,37.47998438567393,327
14.816424369812012,0.355224609375,0.271240234375,0.91796875,1.0109899244910074,15.350341796875,-15.472412109375,-11.77978515625,23.25467487476603,322
14.881271600723267,0.33349609375,0.27685546875,0.943359375,1.036563248172613,-18.00537109375,29.876708984375,-1.678466796875,36.00233594117321,357
14.945992469787598,0.295654296875,0.2470703125,0.979736328125,1.0364979523925135,-6.53076171875,36.529541015625,-14.190673828125,37.062803961133,332
15.010823726654053,0.26123046875,0.25048828125,1.00048828125,1.0385378897141342,2.288818359375,-0.396728515625,-0.06103515625,2.9852681146750477,334
15.07554841041565,0.27734375,0.25,0.989013671875,1.0487901052051865,-3.387451171875,-1.373291015625,8.087158203125,8.521073986578601,337
15.140573978424072,0.355712890625,0.261962890625,0.967529296875,1.0331584726070118,-21.17919921875,-1.129150390625,55.5419921875,59.59239144069438,325
15.205409526824951,0.268310546875,0.109130859375,1.0888671875,1.2850981122348637,-28.167724609375,11.3525390625,31.06689453125,46.15893402056833,356
15.270272016525269,0.310546875,0.21630859375,1.02880859375,1.0560798214489022,6.317138671875,-23.406982421875,0.335693359375,16.774288783083357,348
15.335074186325073,0.315673828125,0.2041015625,0.974609375,1.0344418633738721,1.8310546875,-7.080078125,-12.054443359375,15.070246283512775,353
15.400590658187866,0.357177734375,0.24072265625,0.978271484375,1.0738217816767388,-2.044677734375,13.336181640625,-23.284912109375,18.217051544650612,353
15.46608591079712,0.3037109375,0.224609375,0.987060546875,1.0560267669615993,-1.495361328125,13.24462890625,-0.946044921875,12.100133137916268,342
15.530991077423096,0.291748046875,0.222412109375,0.98193359375,1.0564325942269919,-2.593994140625,5.55419921875,-2.227783203125,5.61556607800853,327
15.595959663391113,0.286865234375,0.21923828125,0.98046875,1.0404368038517744,-2.838134765625,3.47900390625,-3.509521484375,7.113214755389038,316
15.660950899124146,0.250244140625,0.226806640625,0.9697265625,1.0666633547542734,-4.486083984375,5.462646484375,-1.068115234375,5.938708157344791,344
15.724997520446777,0.281982421875,0.221923828125,0.982177734375,1.0590359373073626,-1.739501953125,-3.936767578125,2.166748046875,5.061595865445719,341
15.789036750793457,0.296875,0.24072265625,0.977783203125,1.0460893615220361,-7.354736328125,-17.181396484375,15.07568359375,25.18996396330224,320
15.853195905685425,0.2978515625,0.230224609375,0.806396484375,0.8389986266078325,-0.823974609375,6.622314453125,11.199951171875,23.64442792082423,342
15.917485237121582,0.28271484375,0.218017578125,1.142578125,1.1510979076241545,-6.16455078125,31.67724609375,-13.275146484375,30.3362993576863,355
15.981697082519531,0.2021484375,0.234375,1.013671875,1.1720573537727086,22.64404296875,-20.1416015625,-24.96337890625,42.22350394422978,344
16.04610300064087,0.296630859375,0.227294921875,0.947998046875,1.021107678949549,16.7236328125,-24.444580078125,2.0751953125,27.429191748936802,335
16.110179901123047,0.29052734375,0.235595703125,1.088623046875,1.151170916082826,-14.2822265625,-4.0283203125,0.701904296875,15.382009796231467,351
16.17438793182373,0.323974609375,0.1689453125,0.976806640625,1.0492581812421695,-0.42724609375,6.9580078125,-43.670654296875,46.89965990231454,328
16.23853635787964,0.274169921875,0.240966796875,1.051025390625,1.064274428180678,48.40087890625,-58.59375,-63.079833984375,101.14360583760107,323
16.30281376838684,0.459716796875,0.3505859375,0.802490234375,0.9296324256804546,1.129150390625,-145.050048828125,66.070556640625,146.96237141562278,330
16.366970777511597,0.432373046875,0.279541015625,0.947509765625,1.1434188227810527,-36.80419921875,111.297607421875,18.06640625,118.01557827234826,329
16.431397438049316,0.317138671875,0.238037109375,1.12255859375,1.1766564036634077,-31.6162109375,-3.96728515625,43.060302734375,48.73505305130101,324
16.49571967124939,0.392578125,0.154296875,0.97314453125,1.0554389819529382,14.16015625,-13.0615234375,-7.50732421875,20.277455249671625,324
16.559921979904175,0.365478515625,0.22509765625,0.96435546875,1.0459950292954217,4.119873046875,10.3759765625,-3.60107421875,10.987048655300224,329
16.624162197113037,0.342529296875,0.207275390625,1.00048828125,1.0799184063713128,-5.18798828125,3.631591796875,-1.922607421875,5.344498420194053,316
16.688307762145996,0.37646484375,0.175537109375,0.96142578125,1.0382419300312251,12.176513671875,3.0517578125,-51.971435546875,56.57879150880867,334
16.752673625946045,0.270263671875,0.297119140625,0.948974609375,1.0178537709316533,-19.927978515625,33.721923828125,-2.593994140625,41.13445778623737,332
16.81687617301941,0.291015625,0.2333984375,0.9951171875,1.0817466940074432,-4.425048828125,-12.237548828125,15.44189453125,18.18996141760448,335
16.881123542785645,0.341064453125,0.219970703125,0.93212890625,1.0262348877401624,24.322509765625,-44.3115234375,23.406982421875,50.64760558495309,326
16.94538140296936,0.37255859375,0.2109375,0.87255859375,0.9683165041784656,-27.52685546875,45.41015625,-6.2255859375,57.94978723610369,336
17.009542226791382,0.30908203125,0.2421875,0.951171875,1.0140276157862207,-1.953125,11.383056640625,-10.55908203125,18.797589546124264,332
17.073717832565308,0.30419921875,0.259033203125,0.98876953125,1.0743766807290025,-2.86865234375,32.77587890625,-0.885009765625,30.782919344681034,352
17.137889623641968,0.2822265625,0.245361328125,0.978515625,1.0393268277674472,-4.730224609375,4.302978515625,1.617431640625,8.042351738420198,351
17.202187061309814,0.27490234375,0.249755859375,1.00830078125,1.0662361819857757,-9.521484375,10.040283203125,1.46484375,12.900419560067172,330
17.2670681476593,0.263916015625,0.2294921875,0.989990234375,1.0294030151075488,0.54931640625,4.82177734375,2.50244140625,4.740648167502637,328
17.331345558166504,0.29150390625,0.211669921875,1.01416015625,1.0636848406889288,5.4931640625,-15.350341796875,6.40869140625,17.36235647238337,329
17.39564347267151,0.291015625,0.2333984375,0.987060546875,1.0551446277233092,-0.42724609375,-5.523681640625,1.556396484375,6.2255859375,333
17.459826707839966,0.29931640625,0.23779296875,0.962890625,1.035901819595667,1.220703125,-7.293701171875,-0.9765625,6.401566677636834,327
17.52462649345398,0.304443359375,0.23046875,0.98974609375,1.0552686997243208,-1.3427734375,2.685546875,-6.011962890625,6.238288635746376,363
17.588972091674805,0.2958984375,0.231689453125,0.98486328125,1.0582406838230252,-6.77490234375,11.871337890625,-1.739501953125,13.353907765880667,335
17.653373956680298,0.28271484375,0.227783203125,0.980712890625,1.0473544602811822,-2.74658203125,4.547119140625,-2.685546875,5.989691830080865,333
17.7184796333313,0.27685546875,0.234619140625,1.00537109375,1.0911373268590971,0.48828125,-1.64794921875,-1.220703125,2.8933818661245763,358
17.783427953720093,0.275146484375,0.237060546875,0.975341796875,1.0438441913613967,-1.77001953125,5.218505859375,-0.762939453125,6.1373725266047705,322
17.847962856292725,0.310546875,0.2353515625,0.970703125,1.0589796256842188,1.03759765625,-10.31494140625,2.349853515625,10.764402480673695,352
17.912416219711304,0.291015625,0.240966796875,0.9794921875,1.0624239838278589,-1.739501953125,-5.096435546875,6.53076171875,9.185081277086901,340
17.97683572769165,0.291015625,0.216064453125,0.963134765625,1.0355588022276891,-1.983642578125,-9.27734375,6.16455078125,14.959777807004697,339
18.041254997253418,0.30517578125,0.23291015625,1.0576171875,1.1438840787500404,-0.732421875,-10.345458984375,4.5166015625,9.460350774437396,351
18.10574436187744,0.388671875,0.322998046875,1.05859375,1.1560354549240843,-5.462646484375,44.830322265625,-9.765625,43.23303701317713,302
18.170215845108032,0.260009765625,0.23876953125,1.049560546875,1.111708162087093,7.38525390625,-38.330078125,3.35693359375,42.84269091523478,317
18.234729528427124,0.319091796875,0.209716796875,0.93896484375,1.0378310284429435,10.1318359375,-36.895751953125,6.103515625,38.35745155966161,352
18.29920268058777,0.3564453125,0.251708984375,0.971923828125,1.0795977940260182,23.162841796875,-58.380126953125,2.01416015625,63.8188742257141,327
18.3637433052063,0.42333984375,0.25634765625,0.895263671875,1.0222209659743768,26.3671875,-46.2646484375,-9.552001953125,52.84944976959608,355
18.42820644378662,0.4462890625,0.3837890625,1.02099609375,1.1710781694410264,45.623779296875,-124.908447265625,12.14599609375,134.29580908302944,321
18.49266004562378,0.679443359375,0.442138671875,0.7451171875,1.1275910897263868,7.781982421875,-81.085205078125,81.4208984375,112.68638347378322,352
18.557018756866455,0.672119140625,0.3740234375,0.783447265625,1.0900855394361542,42.17529296875,-98.175048828125,98.14453125,149.23078540877944,340
18.621800184249878,0.745361328125,0.1982421875,0.539306640625,0.9492975524091215,71.96044921875,-74.432373046875,48.736572265625,119.5262702203776,353
18.686634302139282,0.960693359375,0.103271484375,0.4755859375,1.0768524620987658,40.10009765625,77.117919921875,-88.226318359375,118.13131777202014,359
18.75145673751831,0.6142578125,0.0986328125,0.67578125,0.9353924904625246,-80.657958984375,190.185546875,-99.884033203125,231.51689943363297,358
18.81651496887207,1.250732421875,1.511962890625,1.75927734375,1.8235115951481136,-94.879150390625,144.775390625,-62.6220703125,154.88513942380013,339
18.88141632080078,0.44580078125,0.372314453125,1.005615234375,1.149325565895119,-40.985107421875,52.215576171875,-13.824462890625,62.11786122197211,321
18.946212768554688,0.3642578125,0.311767578125,0.89501953125,0.9983858253347754,-8.880615234375,60.05859375,-11.77978515625,64.0248606758136,336
19.011022090911865,0.3125,0.274658203125,1.01416015625,1.0947029866683888,-23.223876953125,19.59228515625,-21.514892578125,31.41422630671494,333
19.076438665390015,0.29638671875,0.311279296875,0.963623046875,1.0540782723037039,9.46044921875,-1.312255859375,-15.44189453125,10.139462461679251,334
19.14203143119812,0.301025390625,0.300048828125,0.9716796875,1.064361120325021,10.7421875,-6.28662109375,3.875732421875,13.367779135082422,355
19.206407070159912,0.306640625,0.289794921875,0.923828125,1.0218421790775498,3.72314453125,4.0283203125,5.645751953125,6.826462309720512,334
19.27113676071167,0.343017578125,0.29931640625,0.9560546875,1.0531272933436928,-12.298583984375,14.739990234375,-1.8310546875,19.149628292863667,353
19.336020708084106,0.297607421875,0.287841796875,0.974853515625,1.0477974940817398,-0.640869140625,-4.058837890625,-0.79345703125,3.8441247757355375,357
19.402035236358643,0.295166015625,0.291259765625,0.962158203125,1.0541803341508513,-1.861572265625,6.34765625,-1.220703125,6.7849299821916444,356
19.467597007751465,0.291015625,0.287353515625,0.964111328125,1.050502413939835,-4.2724609375,2.01416015625,-0.396728515625,4.918350592735581,336
19.532721042633057,0.310791015625,0.290283203125,0.97802734375,1.0615801195103542,1.8310546875,8.7890625,-2.01416015625,8.137900033690022,356
19.59851050376892,0.283935546875,0.292236328125,0.974609375,1.07763279169609,2.288818359375,-5.950927734375,1.312255859375,6.694766530908296,369
19.663543462753296,0.287353515625,0.29248046875,0.966796875,1.0521928459555103,-3.23486328125,-3.387451171875,-0.79345703125,4.805428517582047,326
19.72901964187622,0.29736328125,0.292236328125,0.96142578125,1.0539237754048953,-1.495361328125,-5.859375,-2.166748046875,6.323548534145222,337
19.79387331008911,0.301513671875,0.293212890625,0.95458984375,1.0444108800928391,-0.396728515625,0.701904296875,-2.105712890625,2.4393072642080766,350
19.858692407608032,0.29296875,0.296875,0.973388671875,1.0565344004376604,-2.62451171875,3.60107421875,-0.79345703125,4.669189453125,346
19.92397713661194,0.29296875,0.291748046875,0.96630859375,1.0485602521597712,-0.457763671875,3.90625,-0.396728515625,3.9597660115499496,336
19.989357471466064,0.2900390625,0.29638671875,0.9638671875,1.046709019043,-0.518798828125,1.861572265625,-0.732421875,2.0183173539778383,333
20.054317712783813,0.286376953125,0.2958984375,0.969482421875,1.0525804169983175,-4.974365234375,4.058837890625,-1.77001953125,6.316622653101603,338
20.119121074676514,0.250732421875,0.296875,0.975341796875,1.0627030851714032,-2.349853515625,-3.692626953125,0.946044921875,5.158192962093373,354
20.183993101119995,0.290283203125,0.287353515625,0.95703125,1.0447968880601195,0.3662109375,-1.40380859375,1.708984375,1.5458892995500415,356
20.248806715011597,0.259765625,0.21630859375,0.84912109375,0.8719206165699556,-9.46044921875,-10.68115234375,3.2958984375,9.04577257097015,354
20.313668966293335,0.323486328125,0.362060546875,1.0146484375,1.1014331444075844,-5.279541015625,37.689208984375,-8.331298828125,36.06416005424295,343
20.37847661972046,0.26611328125,0.286376953125,0.984375,1.0587413164163262,10.101318359375,-54.595947265625,6.7138671875,56.74465261853429,341
20.443262100219727,0.314697265625,0.287109375,0.919921875,1.0227352965647047,0.6103515625,9.063720703125,-1.312255859375,10.281480317014436,344
20.5081148147583,0.314208984375,0.296875,0.9384765625,1.0298545238849823,-4.425048828125,-0.1220703125,-3.509521484375,6.001186879308172,332
20.573007345199585,0.303955078125,0.291015625,0.962890625,1.0517483483245553,-3.47900390625,8.6669921875,-4.852294921875,9.896780479011104,335
20.637544870376587,0.298583984375,0.299560546875,0.96435546875,1.0467624319106785,0.79345703125,3.753662109375,-0.518798828125,3.7947476396599193,341
20.7021005153656,0.29833984375,0.2978515625,0.998779296875,1.0502248375722139,-1.77001953125,-7.38525390625,4.2724609375,8.76752545839545,326
20.766563892364502,0.302734375,0.291015625,0.955322265625,1.039810857675343,-8.1787109375,13.916015625,-1.678466796875,17.48007342355058,352
20.83095407485962,0.280029296875,0.292724609375,0.998779296875,1.075011747872678,-1.861572265625,1.251220703125,1.861572265625,2.841086544650189,359
20.895363569259644,0.28564453125,0.28857421875,0.965576171875,1.0475663137271471,-2.01416015625,0.3662109375,-0.8544921875,2.084375160709129,335
20.959692239761353,0.282470703125,0.28857421875,0.968505859375,1.055839587501443,-0.9765625,2.288818359375,-3.265380859375,4.185027160989363,329
21.02388024330139,0.284912109375,0.287841796875,0.969482421875,1.0447512193167445,-0.152587890625,1.739501953125,-2.960205078125,3.7011922065760205,330
21.088152647018433,0.25,0.294921875,0.970947265625,1.057177310390457,-2.01416015625,1.068115234375,-1.495361328125,2.9576870935518498,323
21.152506351470947,0.28369140625,0.28955078125,0.963134765625,1.0757332685154797,-1.739501953125,1.129150390625,-3.0517578125,3.8644220116285433,335
21.216674327850342,0.2841796875,0.291015625,0.972900390625,1.0453953891158387,0.732421875,-4.302978515625,-1.800537109375,5.006929304823411,325
21.28084111213684,0.291259765625,0.29443359375,0.9619140625,1.058654248525308,1.15966796875,-8.1787109375,2.74658203125,8.932636391500314,344
21.345498085021973,0.298095703125,0.290283203125,0.943359375,1.027655869562613,-1.220703125,-6.744384765625,5.645751953125,7.635129680331649,366
21.41006326675415,0.296630859375,0.286376953125,0.96533203125,1.0537682659968883,-2.62451171875,5.096435546875,-0.54931640625,5.714289176143722,329
21.47455883026123,0.2978515625,0.29248046875,0.938720703125,1.0478345544293315,-3.936767578125,7.01904296875,-3.387451171875,8.984667317154589,356
21.53886866569519,0.28662109375,0.287353515625,0.969482421875,1.0596844449079388,-3.173828125,5.0048828125,-1.983642578125,5.906945086757529,353
21.603091716766357,0.28515625,0.28564453125,0.970947265625,1.0530790426487797,-2.685546875,2.99072265625,-2.593994140625,4.845572559422759,352
21.667416095733643,0.27587890625,0.286865234375,0.96337890625,1.0467737917586701,-3.082275390625,7.720947265625,-2.8076171875,8.553800057840716,350
21.731679439544678,0.268798828125,0.286376953125,0.98193359375,1.060851164101347,-1.495361328125,7.781982421875,0.54931640625,1.2693258266043348,346
21.79584264755249,0.277587890625,0.2861328125,0.97607421875,1.0526227166405095,0.8544921875,-5.462646484375,0.885009765625,6.11304492920231,340
21.860182523727417,0.286865234375,0.2890625,0.968994140625,1.057733108493828,1.64794921875,-10.650634765625,2.0751953125,11.076367487665838,352
21.92439866065979,0.2919921875,0.278564453125,0.96142578125,1.0470076519632765,0.42724609375,-12.0849609375,1.312255859375,12.137328462537676,345
21.988622903823853,0.307373046875,0.291748046875,0.95263671875,1.0414065258715437,-0.244140625,-6.011962890625,-0.8544921875,5.458297276802461,352
22.052810668945312,0.306884765625,0.288330078125,0.953125,1.058416569933356,-3.662109375,9.82666015625,-2.25830078125,10.841044797601397,322
22.117109775543213,0.295166015625,0.2919921875,0.9404296875,1.0550650591925734,-4.180908203125,11.627197265625,-1.89208984375,11.848132834830604,338
22.18142342567444,0.28271484375,0.286865234375,0.976806640625,1.0560484970472923,-3.173828125,7.171630859375,-1.5869140625,7.550927051729093,349
22.245651960372925,0.283203125,0.285400390625,0.9716796875,1.0458734760457968,-2.3193359375,1.129150390625,-0.67138671875,2.737921730634385,339
22.309857606887817,0.278076171875,0.28369140625,0.9638671875,1.03899690234555,-1.861572265625,-2.410888671875,0.1220703125,1.7493787412068498,332
22.374172925949097,0.309814453125,0.283447265625,0.963134765625,1.022188691453697,-1.46484375,2.38037109375,-2.288818359375,4.150502820461939,346
22.4384024143219,0.278564453125,0.28271484375,0.972900390625,1.0529708738202301,0.579833984375,-3.11279296875,-1.007080078125,3.514427404933907,345
22.50262999534607,0.279296875,0.286376953125,0.97216796875,1.052914719005535,-2.01416015625,2.86865234375,-1.8310546875,4.244686858710669,326
22.566776275634766,0.275634765625,0.2900390625,0.969970703125,1.0518088722408983,-1.0986328125,-1.373291015625,-1.678466796875,1.8447364818978775,324
22.63100504875183,0.275390625,0.287109375,0.977294921875,1.0553930112826029,-1.5869140625,1.3427734375,-0.732421875,2.306046812416084,341
22.695489406585693,0.27734375,0.2861328125,0.99951171875,1.0527074806868735,-1.953125,-1.373291015625,-0.335693359375,2.139062366806037,342
22.759938955307007,0.27490234375,0.281982421875,0.96630859375,1.050771209782278,-1.251220703125,4.0283203125,-1.800537109375,4.701886352967523,356
22.824461221694946,0.27392578125,0.287109375,0.969970703125,1.0507314450397576,-1.800537109375,1.617431640625,-1.495361328125,2.9716663090771087,327
22.888856887817383,0.2685546875,0.293701171875,1.0302734375,1.0736675998658423,1.312255859375,-8.7890625,3.448486328125,10.810978578461068,348
22.95327115058899,0.2919921875,0.27880859375,0.936767578125,1.0174916060380297,-0.42724609375,-0.396728515625,-3.387451171875,4.338543598438702,345
23.017778396606445,0.26416015625,0.292236328125,1.015625,1.093464541650061,-5.31005859375,20.111083984375,-3.2958984375,17.59573266527269,335
23.082288026809692,0.268798828125,0.280517578125,0.9638671875,1.0322996057743354,-0.54931640625,-6.53076171875,0.18310546875,5.2958330800706435,358
23.14672565460205,0.263916015625,0.2900390625,0.98681640625,1.0594085710545715,-0.762939453125,0.48828125,-0.457763671875,1.1866590634291736,336
23.211212396621704,0.26806640625,0.286865234375,0.977783203125,1.0636990737379524,-2.044677734375,-2.44140625,-0.152587890625,2.7651687719907945,332
23.275770664215088,0.266357421875,0.286376953125,0.968017578125,1.0476210768197995,-0.18310546875,0.244140625,-1.0986328125,1.2026404110863056,340
23.340301036834717,0.268310546875,0.288818359375,0.9775390625,1.0625781142747575,-0.396728515625,-1.251220703125,-1.15966796875,2.289225224254114,349
23.40474033355713,0.276611328125,0.287841796875,0.9755859375,1.0437074823913757,-2.13623046875,-2.166748046875,-0.67138671875,3.223904454649477,345
23.469213008880615,0.29296875,0.29052734375,0.970458984375,1.044686549417632,7.659912109375,-4.119873046875,0.091552734375,4.152297535564661,339
23.53376841545105,0.281005859375,0.291259765625,0.975830078125,1.0583048915545612,-1.15966796875,0.701904296875,0.42724609375,1.0056919588186084,356
23.598251819610596,0.311767578125,0.284423828125,0.97607421875,1.0461837137296095,-1.8310546875,0.518798828125,-0.91552734375,2.650992294980957,329
23.663010835647583,0.277099609375,0.2900390625,0.978515625,1.0529554485268293,-1.861572265625,0.335693359375,-0.762939453125,2.042171023476759,341
23.728004932403564,0.2509765625,0.28662109375,0.96728515625,1.0410003947276485,-0.946044921875,0.732421875,0.213623046875,1.461342760475205,341
23.79279613494873,0.281494140625,0.286865234375,0.97998046875,1.0763673968203304,-1.28173828125,-2.3193359375,-0.30517578125,2.8974025760297657,337
23.857550382614136,0.281982421875,0.283935546875,0.96533203125,1.049990445048136,-1.312255859375,0.335693359375,-0.79345703125,1.2245118803551562,334
23.92243981361389,0.280517578125,0.287353515625,0.974609375,1.0488023808052922,0.30517578125,-2.166748046875,-0.091552734375,2.4723005596410372,340
23.98730778694153,0.287109375,0.29150390625,0.970947265625,1.0504647100785984,-0.457763671875,-6.89697265625,0.152587890625,7.015791430124092,345
24.052232027053833,0.287841796875,0.2841796875,0.97119140625,1.0516522566195523,-0.640869140625,-2.105712890625,0.54931640625,2.481887892010188,350
24.117056369781494,0.29296875,0.292724609375,0.9384765625,1.0511994788133006,-1.922607421875,0.701904296875,-0.762939453125,2.3219445265658276,362
24.181946277618408,0.290771484375,0.2900390625,0.96435546875,1.0507518381306455,-1.251220703125,1.15966796875,-0.732421875,2.4370153996893222,336
24.24667453765869,0.284423828125,0.290283203125,0.977294921875,1.065620608055036,-2.197265625,2.01416015625,-1.0986328125,2.6587099016875615,356
24.311696529388428,0.289794921875,0.28564453125,0.97119140625,1.0452956912481157,-1.251220703125,0.79345703125,-0.701904296875,2.1032789233536104,346
24.376178741455078,0.289306640625,0.2880859375,0.97021484375,1.0519881284083792,-1.77001953125,1.800537109375,-1.5869140625,2.8634531508154053,350
24.440694570541382,0.2802734375,0.291015625,0.96923828125,1.0550733072565635,-2.01416015625,3.143310546875,-1.5869140625,3.6826511281345398,340
24.505476713180542,0.25341796875,0.28564453125,0.976806640625,1.0528412094119526,-1.556396484375,1.190185546875,-1.0986328125,2.2961308967256686,342
24.570358991622925,0.279541015625,0.2880859375,0.971435546875,1.0285805629190286,-2.044677734375,1.495361328125,-0.946044921875,2.5085746225051366,334
24.635125637054443,0.279052734375,0.287109375,0.96875,1.0451393257695014,-1.64794921875,1.434326171875,-0.946044921875,2.68780006906992,340
24.70003342628479,0.280517578125,0.28271484375,0.971923828125,1.0474228919789614,-0.8544921875,-1.312255859375,-0.885009765625,1.835880278649296,335
24.764800548553467,0.2822265625,0.288818359375,0.9697265625,1.047224441965001,-0.823974609375,0.42724609375,-0.8544921875,1.2153508149255297,330
24.829569578170776,0.251708984375,0.286865234375,0.96435546875,1.0527102833894693,-2.0751953125,1.5869140625,-1.40380859375,2.9946126746162753,332
24.89438533782959,0.27978515625,0.283935546875,0.998779296875,1.0459953996892684,-1.03759765625,-1.007080078125,-0.67138671875,1.4629351579842387,334
24.959768056869507,0.283447265625,0.285888671875,0.95849609375,1.0451653597927018,-1.007080078125,1.220703125,-0.79345703125,2.032113258616515,356
25.0256290435791,0.280517578125,0.285400390625,0.96826171875,1.0440741406876208,-2.044677734375,0.946044921875,-1.77001953125,3.062724436107026,355
25.091015815734863,0.274169921875,0.28564453125,0.977783203125,1.061456336012369,-2.655029296875,4.547119140625,-1.0986328125,4.772172557344537,332
25.156306505203247,0.276123046875,0.28466796875,0.96240234375,1.0501154949610367,-0.9765625,0.762939453125,-0.67138671875,1.8323258120456634,348
25.221215963363647,0.275390625,0.287353515625,0.973876953125,1.049736240728317,-1.312255859375,-0.213623046875,-0.42724609375,1.396158353722885,328
25.285996913909912,0.279052734375,0.28564453125,0.97021484375,1.0495293118571278,-1.40380859375,0.79345703125,-0.67138671875,1.8575656486246583,343
25.35080075263977,0.272705078125,0.287109375,0.984130859375,1.0573835599205343,-0.518798828125,-1.52587890625,-0.48828125,1.880734733658521,331
25.415725469589233,0.274658203125,0.288330078125,0.97412109375,1.047442097577138,-1.129150390625,-7.8125,-0.8544921875,1.407121811938294,341
25.482110261917114,0.278076171875,0.28564453125,0.96630859375,1.053220901876871,-0.823974609375,-2.25830078125,-0.274658203125,2.1755416162868184,336
25.54865598678589,0.275390625,0.287109375,0.974365234375,1.0546223090475344,-0.79345703125,-0.3662109375,-0.579833984375,1.3921502353463189,336
25.614622831344604,0.28125,0.286376953125,0.97412109375,1.046703523854543,-2.197265625,0.885009765625,-1.03759765625,2.678602082213341,315
25.679909706115723,0.273193359375,0.290771484375,0.97509765625,1.020831743874902,-1.068115234375,-0.9765625,-0.457763671875,1.5789713525728186,337
25.744349479675293,0.275146484375,0.290771484375,0.97705078125,1.0510122336030432,-1.556396484375,0.91552734375,-1.251220703125,2.196841728859275,354
25.808322191238403,0.2744140625,0.291748046875,0.972412109375,1.048276731441833,-1.556396484375,-1.373291015625,-0.396728515625,2.068452539408025,342
25.872498989105225,0.27685546875,0.2880859375,0.96826171875,1.044365536905422,-1.77001953125,1.678466796875,-1.190185546875,2.816228514418781,345
25.936785459518433,0.273681640625,0.28759765625,0.977783203125,1.0579232207239617,-0.946044921875,-2.593994140625,-0.091552734375,2.94775162134845,350
26.00130796432495,0.2744140625,0.290283203125,0.97216796875,1.0531780886074227,-2.25830078125,1.800537109375,-1.03759765625,2.8605244520142796,328
26.06568670272827,0.279541015625,0.285888671875,0.9716796875,1.050823168290717,-0.3662109375,-1.5869140625,-0.396728515625,2.1864306015744592,356
26.129997491836548,0.2724609375,0.283447265625,0.971435546875,1.0765097030737438,-1.5869140625,-0.3662109375,-0.823974609375,1.2922311620935136,345
26.19422721862793,0.281005859375,0.25048828125,0.938232421875,1.0461428630031702,-1.89208984375,1.068115234375,-1.28173828125,2.8262968213683712,349
26.258336782455444,0.27734375,0.286865234375,0.9755859375,1.0519669660414803,-0.3662109375,-2.410888671875,0.152587890625,8.061898567626015,327
26.322643756866455,0.28125,0.286376953125,0.957763671875,1.0357641486440643,-2.01416015625,3.90625,-1.77001953125,5.004696726247124,328
26.386775016784668,0.278076171875,0.287841796875,0.98681640625,1.0555388793687657,-0.885009765625,-4.0283203125,0.30517578125,4.7846462990092675,329
26.451027631759644,0.2802734375,0.289306640625,0.956298828125,1.0345764263678903,-2.50244140625,4.21142578125,-1.52587890625,5.89408132606826,338
26.51539158821106,0.280029296875,0.290283203125,0.983154296875,1.0604024546382214,0.48828125,-3.814697265625,0.244140625,4.583837759552558,334
26.579737186431885,0.282470703125,0.286376953125,0.96875,1.0460192755697353,-2.899169921875,4.486083984375,-1.3427734375,5.378977451670445,330
26.643900632858276,0.279296875,0.28515625,0.964111328125,1.047328025384545,0.274658203125,-3.23486328125,-0.1220703125,2.8707618262009076,325
26.708115100860596,0.279541015625,0.29150390625,0.98681640625,1.070017112568354,-2.471923828125,1.89208984375,-1.15966796875,2.6411372709251473,332
26.77221918106079,0.276611328125,0.28515625,0.953125,1.0302386671228403,-0.640869140625,-0.701904296875,-0.67138671875,1.2010906160982926,347
26.8364520072937,0.25,0.2880859375,0.983642578125,1.0658459151934392,-1.0986328125,-1.3427734375,-0.54931640625,2.4031502835217324,357
26.900782346725464,0.28076171875,0.29052734375,0.95654296875,1.0442220180197195,-1.922607421875,2.349853515625,-1.434326171875,3.795606526857972,358
26.965380430221558,0.279296875,0.29150390625,0.9765625,1.052426832922408,0.152587890625,-2.74658203125,-0.335693359375,3.1254827603334743,340